title,url,time_published,summary,ticker,relevance_score,ticker_sentiment_score,ticker_sentiment_label
"CALLON PETROLEUM INVESTOR ALERT BY THE FORMER ATTORNEY GENERAL OF LOUISIANA: Kahn Swick & Foti, LLC Investigates Adequacy of Price and Process in Proposed Sale of Callon Petroleum Company - CPE",https://www.prnewswire.com/news-releases/callon-petroleum-investor-alert-by-the-former-attorney-general-of-louisiana-kahn-swick--foti-llc-investigates-adequacy-of-price-and-process-in-proposed-sale-of-callon-petroleum-company---cpe-302046075.html,2024-01-27 04:19:00,CALLON PETROLEUM INVESTOR ALERT BY THE FORMER ATTORNEY GENERAL OF LOUISIANA: Kahn Swick ... PR ...,APA,0.627119,0.312712,Somewhat-Bullish
"Kuehn Law Encourages CPE, ROVR, AMAM, and JNPR Investors to Contact Law Firm - Ambrx Biopharma  ( NASDAQ:AMAM ) , Callon Petroleum  ( NYSE:CPE ) ",https://www.benzinga.com/pressreleases/24/01/g36789166/kuehn-law-encourages-cpe-rovr-amam-and-jnpr-investors-to-contact-law-firm,2024-01-25 20:23:04,"NEW YORK, Jan. 25, 2024 ( GLOBE NEWSWIRE ) -- Kuehn Law, PLLC, a shareholder litigation law firm, is investigating potential claims related to the below-listed proposed mergers. Kuehn Law may seek additional disclosures or other relief on behalf of the shareholders of these companies.",APA,0.210274,0.344039,Somewhat-Bullish
APA Corporation Provides Fourth-Quarter 2023 Supplemental Information and Schedules Results Conference Call for Feb. 22 at 10 a.m. Central Time - APA  ( NASDAQ:APA ) ,https://www.benzinga.com/pressreleases/24/01/g36746986/apa-corporation-provides-fourth-quarter-2023-supplemental-information-and-schedules-results-confer,2024-01-23 21:15:59,"HOUSTON, Jan. 23, 2024 ( GLOBE NEWSWIRE ) -- APA Corporation APA today provided supplemental information regarding certain fourth-quarter 2023 financial and operational results.",APA,0.549012,0.233338,Somewhat-Bullish
APA Corporation Provides Fourth-Quarter 2023 Supplemental Information and Schedules Results Conference Call for Feb. 22 at 10 a.m. Central Time,https://www.globenewswire.com/news-release/2024/01/23/2814530/0/en/APA-Corporation-Provides-Fourth-Quarter-2023-Supplemental-Information-and-Schedules-Results-Conference-Call-for-Feb-22-at-10-a-m-Central-Time.html,2024-01-23 21:15:00,"HOUSTON, Jan. 23, 2024 ( GLOBE NEWSWIRE ) -- APA Corporation ( Nasdaq: APA ) today provided supplemental information regarding certain fourth-quarter 2023 financial and operational results. This information is intended only to provide additional information regarding current estimates management ...",APA,0.582526,0.244207,Somewhat-Bullish
"SHAREHOLDER RIGHTS INVESTIGATION: Halper Sadeh LLC Investigates BRBS, RYZB, VIA, CPE - Callon Petroleum  ( NYSE:CPE ) , Blue Ridge Bankshares  ( AMEX:BRBS ) ",https://www.benzinga.com/pressreleases/24/01/g36653977/shareholder-rights-investigation-halper-sadeh-llc-investigates-brbs-ryzb-via-cpe,2024-01-17 05:00:00,"NEW YORK, Jan. 17, 2024 ( GLOBE NEWSWIRE ) -- Halper Sadeh LLC, an investor rights law firm, is investigating the following companies for potential violations of the federal securities laws and/or breaches of fiduciary duties to shareholders relating to: Blue Ridge Bankshares, Inc.",APA,0.221819,0.144028,Neutral
U.S. to Break Crude Production Record This Year and Next,https://www.zacks.com/stock/news/2209370/us-to-break-crude-production-record-this-year-and-next,2024-01-12 13:06:00,"As U.S. crude production gears up for new heights, our recommendation is to concentrate on domestic E&P companies with strong fundamentals, such as APA, FANG and MRO.",APA,0.257805,0.093089,Neutral
"Cramer 'Takes A Pass' On Stock That's Down 31% Over Past 6 Months: 'Don't Want To Go Against Elon Musk' - APA  ( NASDAQ:APA ) , Coterra Energy  ( NYSE:CTRA ) ",https://www.benzinga.com/trading-ideas/long-ideas/24/01/36588788/cramer-takes-a-pass-on-stock-thats-down-31-over-past-6-months-dont-want-to-go-against-mu,2024-01-11 13:46:26,"On CNBC's ""Mad Money Lightning Round,"" Jim Cramer said Devon Energy Corporation DVN is an oil company, and right now, ""oil is just, it's in glut. We can't own a commodity stock where the commodity is in glut."" ""Let's take a pass on that one,"" Cramer said when asked about Lithium Americas Corp.",APA,0.303175,0.349155,Somewhat-Bullish
"SHAREHOLDER RIGHTS INVESTIGATION: Halper Sadeh LLC Investigates RYZB, VIA, CPE, FGH - FG Group Holdings  ( AMEX:FGH ) , Callon Petroleum  ( NYSE:CPE ) ",https://www.benzinga.com/pressreleases/24/01/g36569989/shareholder-rights-investigation-halper-sadeh-llc-investigates-ryzb-via-cpe-fgh,2024-01-10 02:05:51,"NEW YORK, Jan. 09, 2024 ( GLOBE NEWSWIRE ) -- Halper Sadeh LLC, an investor rights law firm, is investigating the following companies for potential violations of the federal securities laws and/or breaches of fiduciary duties to shareholders relating to: RayzeBio, Inc.",APA,0.210274,0.138127,Neutral
APA promotes Stephen J. Riney to position of President and Chief Financial Officer - APA  ( NASDAQ:APA ) ,https://www.benzinga.com/pressreleases/24/01/g36567117/apa-promotes-stephen-j-riney-to-position-of-president-and-chief-financial-officer,2024-01-09 22:03:20,"HOUSTON, Jan. 09, 2024 ( GLOBE NEWSWIRE ) -- APA Corporation APA announced today that Stephen J. Riney has been promoted to president and chief financial officer. Riney has served as executive vice president and chief financial officer since joining APA in 2015.",APA,0.722509,0.478278,Bullish
APA promotes Stephen J. Riney to position of President and Chief Financial Officer,https://www.globenewswire.com/news-release/2024/01/09/2806715/0/en/APA-promotes-Stephen-J-Riney-to-position-of-President-and-Chief-Financial-Officer.html,2024-01-09 22:03:00,"HOUSTON, Jan. 09, 2024 ( GLOBE NEWSWIRE ) -- APA Corporation ( Nasdaq: APA ) announced today that Stephen J. Riney has been promoted to president and chief financial officer. Riney has served as executive vice president and chief financial officer since joining APA in 2015.",APA,0.756001,0.48908,Bullish
"SHAREHOLDER INVESTIGATION: Halper Sadeh LLC Investigates VIA, CPE, GRCL, BRBS - Callon Petroleum  ( NYSE:CPE ) , Blue Ridge Bankshares  ( AMEX:BRBS ) ",https://www.benzinga.com/pressreleases/24/01/g36507795/shareholder-investigation-halper-sadeh-llc-investigates-via-cpe-grcl-brbs,2024-01-05 12:26:22,"NEW YORK, Jan. 05, 2024 ( GLOBE NEWSWIRE ) -- Halper Sadeh LLC, an investor rights law firm, is investigating the following companies for potential violations of the federal securities laws and/or breaches of fiduciary duties to shareholders relating to: Via Renewables, Inc.",APA,0.194242,0.130018,Neutral
APA  ( APA )  to Buy Callon Petroleum in a $4.5 Billion Deal,https://www.zacks.com/stock/news/2206102/apa-apa-to-buy-callon-petroleum-in-a-45-billion-deal,2024-01-05 12:21:00,"APA (APA) is set to acquire Callon Petroleum in a $4.5B all-stock deal, creating an industry powerhouse with expanded assets and production.",APA,0.453099,0.543201,Bullish
This Oil Stock Is Following Leaders ExxonMobil and Occidental Petroleum by Making a Major Acquisition,https://www.fool.com/investing/2024/01/05/this-oil-stock-is-following-leaders-exxonmobil-and/,2024-01-05 11:09:00,APA Corp is buying Callon Petroleum to boost its position in the Permian Basin.,APA,0.381255,0.234844,Somewhat-Bullish
"APA Corporation to Acquire Callon Petroleum Company in All-Stock Transaction - APA  ( NASDAQ:APA ) , Callon Petroleum  ( NYSE:CPE ) ",https://www.benzinga.com/pressreleases/24/01/g36485840/apa-corporation-to-acquire-callon-petroleum-company-in-all-stock-transaction,2024-01-04 11:00:03,"Complements and enhances APA's asset base in the Permian Basin; expected to be accretive to key financial metrics; Adds to APA's high-quality, short-cycle development inventory and increases oil mix; and",APA,0.516146,0.256054,Somewhat-Bullish
APA Corporation to Acquire Callon Petroleum Company in All-Stock Transaction,https://www.globenewswire.com/news-release/2024/01/04/2803790/0/en/APA-Corporation-to-Acquire-Callon-Petroleum-Company-in-All-Stock-Transaction.html,2024-01-04 11:00:00,"HOUSTON, Jan. 04, 2024 ( GLOBE NEWSWIRE ) -- APA Corporation ( ""APA"" or the ""Company"" ) ( NASDAQ: APA ) and Callon Petroleum Company ( ""Callon"" ) ( NYSE: CPE ) have entered into a definitive agreement under which APA will acquire Callon in an all-stock transaction valued at approximately $4.5 ...",APA,0.513321,0.273388,Somewhat-Bullish
"Stock Market News for Dec 27, 2023",https://www.zacks.com/stock/news/2202480/stock-market-news-for-dec-27-2023,2023-12-27 13:02:00,"Wall Street closed higher on Tuesday, driven by a strong performance by energy stocks, fueled by a surge in crude oil prices.",APA,0.081276,0.196245,Somewhat-Bullish
"TotalEnergies  ( TTE )  Wins New Block in Suriname, Boosts Footprint",https://www.zacks.com/stock/news/2199297/totalenergies-tte-wins-new-block-in-suriname-boosts-footprint,2023-12-18 13:43:00,"TotalEnergies (TTE), with its partners QatarEnergy and Petronas, signs a production sharing contract for Block 64 with Staatsolie Maatschappij Suriname.",APA,0.159043,0.051268,Neutral
APA Corporation Declares Cash Dividend on Common Shares - APA  ( NASDAQ:APA ) ,https://www.benzinga.com/pressreleases/23/12/g36207595/apa-corporation-declares-cash-dividend-on-common-shares,2023-12-12 22:00:22,"HOUSTON, Dec. 12, 2023 ( GLOBE NEWSWIRE ) -- The board of directors of APA Corporation APA has declared a regular cash dividend on the company's common shares. The dividend on common shares is payable Feb. 22, 2024, to stockholders of record on Jan. 22, 2024, at a rate of 25 cents per share ...",APA,0.727604,0.447744,Bullish
APA Corporation Declares Cash Dividend on Common Shares,https://www.globenewswire.com/news-release/2023/12/12/2795153/0/en/APA-Corporation-Declares-Cash-Dividend-on-Common-Shares.html,2023-12-12 22:00:00,"HOUSTON, Dec. 12, 2023 ( GLOBE NEWSWIRE ) -- The board of directors of APA Corporation ( Nasdaq: APA ) has declared a regular cash dividend on the company's common shares.",APA,0.895116,0.494972,Bullish
Apache Corporation Partners with Borderlands Research Institute on Well Pad Restoration Research Project in the Permian Basin,https://www.globenewswire.com/news-release/2023/12/11/2794001/0/en/Apache-Corporation-Partners-with-Borderlands-Research-Institute-on-Well-Pad-Restoration-Research-Project-in-the-Permian-Basin.html,2023-12-11 15:00:00,"HOUSTON, Dec. 11, 2023 ( GLOBE NEWSWIRE ) -- Apache Corporation ( Nasdaq: APA ) today announced a partnership with the Borderlands Research Institute ( BRI ) at Sul Ross State University in Alpine, Texas, to launch a well pad restoration research project.",APA,0.218325,0.212915,Somewhat-Bullish
StockNews.com Lowers APA  ( NASDAQ:APA )  to Hold,https://www.defenseworld.net/2023/12/07/stocknews-com-lowers-apa-nasdaqapa-to-hold.html,2023-12-07 06:24:42,"APA ( NASDAQ:APA - Get Free Report ) was downgraded by investment analysts at StockNews.com from a ""buy"" rating to a ""hold"" rating in a research report issued on Thursday.",APA,0.893773,0.499812,Bullish
"APA  ( NASDAQ:APA )  Downgraded to ""Hold"" at StockNews.com",https://www.defenseworld.net/2023/12/01/apa-nasdaqapa-downgraded-to-hold-at-stocknews-com.html,2023-12-01 06:34:44,"APA ( NASDAQ:APA - Get Free Report ) was downgraded by investment analysts at StockNews.com from a ""buy"" rating to a ""hold"" rating in a report issued on Friday.",APA,0.832458,0.498737,Bullish
APA  ( NASDAQ:APA )  Stock Rating Upgraded by StockNews.com,https://www.defenseworld.net/2023/11/20/apa-nasdaqapa-stock-rating-upgraded-by-stocknews-com.html,2023-11-20 08:50:47,"APA ( NASDAQ:APA - Get Free Report ) was upgraded by StockNews.com from a ""hold"" rating to a ""buy"" rating in a research note issued on Monday. Other equities analysts also recently issued reports about the company.",APA,0.802526,0.475867,Bullish
Bet on These 3 Dividend Yielding Energy Stocks Right Away,https://www.zacks.com/stock/news/2185873/bet-on-these-3-dividend-yielding-energy-stocks-right-away,2023-11-17 13:45:00,"Dividend-paying stocks in the energy space are relatively less volatile. Stocks that are poised to gain are EOG Resources (EOG), ExxonMobil (XOM) and APA Corporation (APA).",APA,0.367141,0.237891,Somewhat-Bullish
APA Q3 Earnings & Revenue Beat on Strong Energy Production,https://www.zacks.com/stock/news/2184461/apa-q3-earnings-revenue-beat-on-strong-energy-production,2023-11-15 13:23:00,"APA Corporation (APA) bought back 500,000 shares at $41.90 apiece during the third quarter. The company also shelled out $77 million in dividend payments.",APA,0.585975,0.161404,Somewhat-Bullish
APA  ( NASDAQ:APA )  Upgraded by StockNews.com to Buy,https://www.defenseworld.net/2023/11/15/apa-nasdaqapa-upgraded-by-stocknews-com-to-buy.html,2023-11-15 09:16:48,StockNews.com upgraded shares of APA ( NASDAQ:APA - Free Report ) from a hold rating to a buy rating in a research report released on Tuesday morning.,APA,0.811959,0.38701,Bullish
Investors Betting On Suriname's Offshore Discoveries,https://www.forbes.com/sites/eliasferrerbreda/2023/11/12/betting-on-surinames-discoveries/,2023-11-12 20:34:21,"Guyana is the new hot topic for oil. In its shade could rise Suriname, a now poorer-and once much wealthier-neighbour. Industry giants APA Corporation ( US ) and TotalEnergies ( France ) have also found vast deposits of oil in its territorial waters.",APA,0.120632,0.030295,Neutral
"USA Compression  ( USAC )  Q3 Earnings Lag, Revenues Top Estimates",https://www.zacks.com/stock/news/2177514/usa-compression-usac-q3-earnings-lag-revenues-top-estimates,2023-11-02 15:56:00,"USA Compression (USAC) anticipates $270-$280 million in distributable cash flow, $500-$510 million in adjusted EBITDA and $73-$83 million in net income for 2023.",APA,0.389889,0.259318,Somewhat-Bullish
Why Earnings Season Could Be Great for APA Corporation  ( APA ) ,https://www.zacks.com/stock/news/2175233/why-earnings-season-could-be-great-for-apa-corporation-apa,2023-10-31 12:48:00,APA Corporation (APA) is seeing favorable earnings estimate revision activity and has a positive Zacks Earnings ESP heading into earnings season.,APA,0.900719,0.597013,Bullish
"RPC  ( RES )  Q3 Earnings Lag Estimates, Revenues Fall Y/Y",https://www.zacks.com/stock/news/2175212/rpc-res-q3-earnings-lag-estimates-revenues-fall-yy,2023-10-31 11:39:00,RPC's (RES) Q3 earnings get impacted by rig count fall and lower commodity price realizations.,APA,0.232996,0.086019,Neutral
"BP Q3 Earnings Miss Estimates, Revenues Fall Year Over Year",https://www.zacks.com/stock/news/2175211/bp-q3-earnings-miss-estimates-revenues-fall-year-over-year,2023-10-31 11:39:00,BP's Q3 earnings get impacted by lower realizations of commodity prices and a decline in refinery throughputs.,APA,0.185662,0.072107,Neutral
Apache Corporation Tree Grant Program Announces 2023 Recipients - APA  ( NASDAQ:APA ) ,https://www.benzinga.com/pressreleases/23/10/g35492789/apache-corporation-tree-grant-program-announces-2023-recipients,2023-10-30 15:00:05,"HOUSTON, Oct. 30, 2023 ( GLOBE NEWSWIRE ) -- Apache Corporation, a subsidiary of APA Corporation APA, today announced the donation of more than 206,000 trees to 61 nonprofit partner organizations through the annual Apache Corporation Tree Grant Program.",APA,0.171851,0.146832,Neutral
Apache Corporation Tree Grant Program Announces 2023 Recipients,https://www.globenewswire.com/news-release/2023/10/30/2769453/0/en/Apache-Corporation-Tree-Grant-Program-Announces-2023-Recipients.html,2023-10-30 15:00:00,More than 5 million trees have been planted since the program's inaugural season in 2005 More than 5 million trees have been planted since the program's inaugural season in ...,APA,0.242406,0.193805,Somewhat-Bullish
"Equinor  ( EQNR )  Q3 Earnings Lag Estimates, Revenues Fall Y/Y",https://www.zacks.com/stock/news/2174284/equinor-eqnr-q3-earnings-lag-estimates-revenues-fall-yy,2023-10-30 11:17:00,"Lower liquids and gas production, coupled with a sharp decline in gas prices in Norway, hurts Equinor's (EQNR) earnings in Q3.",APA,0.178459,0.070078,Neutral
"Eni  ( E )  Q3 Earnings Beat Estimates, Revenues Fall Y/Y",https://www.zacks.com/stock/news/2174283/eni-e-q3-earnings-beat-estimates-revenues-fall-yy,2023-10-30 11:16:00,"Eni's (E) third-quarter earnings benefit from higher oil and gas production volumes. However, lower commodity price realizations have offset the positives.",APA,0.172404,0.051592,Neutral
"Phillips 66  ( PSX )  Q3 Earnings Miss Estimates, Revenues Fall Y/Y",https://www.zacks.com/stock/news/2173635/phillips-66-psx-q3-earnings-miss-estimates-revenues-fall-yy,2023-10-27 12:15:00,Phillips 66's (PSX) Q3 earnings get affected due to lower refining margins worldwide.,APA,0.217834,0.081527,Neutral
"Antero  ( AR )  Q3 Earnings Beat Estimates, Revenues Fall Y/Y",https://www.zacks.com/stock/news/2173556/antero-ar-q3-earnings-beat-estimates-revenues-fall-yy,2023-10-27 11:24:00,"Antero's (AR) third-quarter earnings are driven by higher volumes owing to strong well performance. However, lower commodity price realizations have offset the positives.",APA,0.174272,0.070326,Neutral
APA to Report Q3 Earnings: Here's What to Expect,https://www.zacks.com/stock/news/2173553/apa-to-report-q3-earnings-heres-what-to-expect,2023-10-27 11:21:00,APA's oil production is likely to have increased in Q3. Its bottom line is also expected to have benefited from cost reduction.,APA,0.524949,0.376121,Bullish
Baker Hughes  ( BKR )  Q3 Earnings & Revenues Beat Estimates,https://www.zacks.com/stock/news/2172568/baker-hughes-bkr-q3-earnings-revenues-beat-estimates,2023-10-26 12:23:00,"Baker Hughes' (BKR) Q3 earnings benefit from higher contributions from the Oilfield Services and Equipment, as well as the Industrial & Energy Technology business units.",APA,0.220809,0.217147,Somewhat-Bullish
Antero Midstream  ( AM )  Q3 Earnings Top on Gathering Volumes,https://www.zacks.com/stock/news/2172565/antero-midstream-am-q3-earnings-top-on-gathering-volumes,2023-10-26 12:22:00,"Antero Midstream's (AM) Q3 earnings benefit from higher gathering, compression and freshwater delivery volumes, along with rising average fees for freshwater distribution.",APA,0.219312,0.217705,Somewhat-Bullish
Range Resources  ( RRC )  Q3 Earnings Top on Lower Total Costs,https://www.zacks.com/stock/news/2171441/range-resources-rrc-q3-earnings-top-on-lower-total-costs,2023-10-25 12:20:00,"Range Resources' (RRC) third-quarter earnings gain from lower total costs and expenses. However, declining realized commodity prices offset the positive.",APA,0.221313,0.215805,Somewhat-Bullish
Matador  ( MTDR )  Q3 Earnings Beat Estimates on Record Production,https://www.zacks.com/stock/news/2171439/matador-mtdr-q3-earnings-beat-estimates-on-record-production,2023-10-25 12:19:00,"Matador's (MTDR) highest-ever production milestone drives better-than-expected Q3 earnings. However, declining realized commodity prices offset the positive.",APA,0.177475,0.173047,Somewhat-Bullish
Equinor  ( EQNR )  Commences Breidablikk Field Production Early,https://www.zacks.com/stock/news/2169635/equinor-eqnr-commences-breidablikk-field-production-early,2023-10-20 12:35:00,"Equinor's (EQNR) project is highly profitable, contributing significant volumes to the market, and generating substantial value for Norwegian society and the project's stakeholders.",APA,0.220809,0.33589,Somewhat-Bullish
BP in Talks to Exit Senegal's Yakaar-Teranga Natural Gas Field,https://www.zacks.com/stock/news/2169636/bp-in-talks-to-exit-senegals-yakaar-teranga-natural-gas-field,2023-10-20 12:33:00,BP-operated Yakaar-Teranga Phase 1 represents a conventional gas development in the ultra-deepwater region of Senegal.,APA,0.231332,0.347489,Somewhat-Bullish
"Kinder Morgan  ( KMI )  Lags on Q3 Earnings, Revises Net Income View",https://www.zacks.com/stock/news/2169053/kinder-morgan-kmi-lags-on-q3-earnings-revises-net-income-view,2023-10-19 14:50:00,A decline in realized natural gas liquids price hurt Kinder Morgan's (KMI) earnings in Q3.,APA,0.163539,0.273192,Somewhat-Bullish
Best Momentum Stocks to Buy for October 18th,https://www.zacks.com/commentary/2167709/best-momentum-stocks-to-buy-for-october-18th,2023-10-18 14:00:00,"APA, MRO and PGR made it to the Zacks Rank #1 (Strong Buy) momentum stocks list on October 18, 2023.",APA,0.780579,-0.047987,Neutral
New Strong Buy Stocks for October 18th,https://www.zacks.com/commentary/2166937/new-strong-buy-stocks-for-october-18th,2023-10-18 10:15:00,"MRO, APA, IMGN, RAIL and MFA have been added to the Zacks Rank #1 (Strong Buy) List on October 18, 2023.",APA,0.567144,0.0,Neutral
Best Value Stocks to Buy for October 18th,https://www.zacks.com/commentary/2167668/best-value-stocks-to-buy-for-october-18th,2023-10-18 09:08:00,"APA, MRO and CHRD made it to the Zacks Rank #1 (Strong Buy) value stocks list on October 18, 2023.",APA,0.785986,-0.019831,Neutral
Best Income Stocks to Buy for October 18th,https://www.zacks.com/commentary/2167648/best-income-stocks-to-buy-for-october-18th,2023-10-18 08:13:00,"MFA, APA and NYT made it to the Zacks Rank #1 (Strong Buy) income stocks list on October 18, 2023.",APA,0.745397,0.0,Neutral
Here's Why You Should Consider Buying Hess  ( HES )  Stock Now,https://www.zacks.com/stock/news/2162714/heres-why-you-should-consider-buying-hess-hes-stock-now,2023-10-09 13:52:00,"With a scheduled four-rig drilling initiative in this region, Hess (HES) expects to bring around 110 new wells online in 2023, bolstering its production outlook.",APA,0.235823,0.222574,Somewhat-Bullish
APA  ( NASDAQ:APA )  Research Coverage Started at StockNews.com,https://www.defenseworld.net/2023/10/09/apa-nasdaqapa-research-coverage-started-at-stocknews-com.html,2023-10-09 09:00:41,StockNews.com assumed coverage on shares of APA ( NASDAQ:APA - Free Report ) in a report released on Thursday morning. The firm issued a hold rating on the stock.,APA,0.842959,0.516053,Bullish
Here's Why Hold Strategy is Apt for Crestwood  ( CEQP )  Stock Now,https://www.zacks.com/stock/news/2161650/heres-why-hold-strategy-is-apt-for-crestwood-ceqp-stock-now,2023-10-06 14:29:00,Crestwood (CEQP) is steadfast in its commitment to allocating all free cash flow following distributions to reduce debt throughout 2023.,APA,0.237551,0.223847,Somewhat-Bullish
ExxonMobil  ( XOM )  Considers Pioneer Shale Driller Acquisition,https://www.zacks.com/stock/news/2161649/exxonmobil-xom-considers-pioneer-shale-driller-acquisition,2023-10-06 14:27:00,"The acquisition will offer ExxonMobil (XOM) a leading position in the Permian Basin, an area crucial to its growth plans.",APA,0.259037,0.239542,Somewhat-Bullish
3 Zacks Rank Additions Energy Investors Can Buy Right Now,https://www.zacks.com/stock/news/2161449/3-zacks-rank-additions-energy-investors-can-buy-right-now,2023-10-06 12:15:00,"Patterson-UTI Energy (PTEN), APA Corporation (APA) and HF Sinclair (DINO) enjoy upward trending earnings revisions and a discounted valuation.",APA,0.214462,0.304971,Somewhat-Bullish
APA Corporation Provides Third-Quarter 2023 Supplemental Information and Schedules Results Conference Call for Nov. 2 at 10 a.m. Central Time,https://www.globenewswire.com/news-release/2023/10/05/2755844/0/en/APA-Corporation-Provides-Third-Quarter-2023-Supplemental-Information-and-Schedules-Results-Conference-Call-for-Nov-2-at-10-a-m-Central-Time.html,2023-10-05 21:54:00,"HOUSTON, Oct. 05, 2023 ( GLOBE NEWSWIRE ) -- APA Corporation ( Nasdaq: APA ) today provided supplemental information regarding certain third-quarter 2023 financial and operational results. This information is intended only to provide additional information regarding current estimates management ...",APA,0.496915,0.217187,Somewhat-Bullish
Best Momentum Stock to Buy for October 4th,https://www.zacks.com/commentary/2159835/best-momentum-stock-to-buy-for-october-4th,2023-10-04 14:00:00,"KNSL, RRC and APA made it to the Zacks Rank #1 (Strong Buy) momentum stocks list on October 4, 2023.",APA,0.574235,0.417222,Bullish
BP Plans to Divest Its Pipeline Stake in US Gulf of Mexico,https://www.zacks.com/stock/news/2160054/bp-plans-to-divest-its-pipeline-stake-in-us-gulf-of-mexico,2023-10-04 12:51:00,"BP aims to generate up to $1 billion through the potential divestment, which would help reduce debt and sustain its dividend payments.",APA,0.254307,0.236112,Somewhat-Bullish
Best Income Stocks to Buy for October 4th,https://www.zacks.com/commentary/2159842/best-income-stocks-to-buy-for-october-4th,2023-10-04 11:07:00,"APA, NTES and RRC made it to the Zacks Rank #1 (Strong Buy) income stocks list on October 4, 2023.",APA,0.680008,0.512035,Bullish
New Strong Buy Stocks for October 4th,https://www.zacks.com/commentary/2157468/new-strong-buy-stocks-for-october-4th,2023-10-04 10:29:00,"SCS, APA, BRLT, FLWS and NTES have been added to the Zacks Rank #1 (Strong Buy) List on October 4, 2023.",APA,0.499789,0.477575,Bullish
"APA Corporation Reduces Methane Emissions by Converting More Than 2,000 Pneumatic Devices in the U.S. to Lower Emitting Technologies",https://www.globenewswire.com/news-release/2023/10/03/2754221/0/en/APA-Corporation-Reduces-Methane-Emissions-by-Converting-More-Than-2-000-Pneumatic-Devices-in-the-U-S-to-Lower-Emitting-Technologies.html,2023-10-03 21:28:00,"HOUSTON, Oct. 03, 2023 ( GLOBE NEWSWIRE ) -- APA Corporation ( Nasdaq: APA ) today announced the achievement of an environmental, social and governance ( ESG ) goal to convert more than 2,000 pneumatic devices to instrument air or through-valve retrofit in its U.S. operations.",APA,0.495015,0.304059,Somewhat-Bullish
5 Energy Stocks That Crushed the S&P 500 in a Bleak Q3,https://www.zacks.com/stock/news/2159291/5-energy-stocks-that-crushed-the-sp-500-in-a-bleak-q3,2023-10-03 13:43:00,"Let's take a deep look into the S&P 500's top sector for the third quarter of 2023 - Energy - and its high flyers MPC, PSX, HAL, VLO and APA.",APA,0.15173,0.169499,Somewhat-Bullish
Implied Volatility Surging for APA Stock Options,https://www.zacks.com/stock/news/2154784/implied-volatility-surging-for-apa-stock-options,2023-09-25 12:42:00,Investors need to pay close attention to APA stock based on the movements in the options market lately.,APA,0.560594,0.181688,Somewhat-Bullish
"TotalEnergies Eyes $9B Oil Venture In Block 58 Offshore Suriname, Production To Begin In 2028 - TotalEnergies  ( NYSE:TTE ) ",https://www.benzinga.com/markets/equities/23/09/34579825/totalenergies-eyes-9b-oil-venture-in-block-58-offshore-suriname-production-to-begin-in-2028,2023-09-14 16:17:12,"TotalEnergies SE TTE announced launching the development studies for a large oil project in Block 58, offshore Suriname. The project will represent an investment of approximately $9 billion. TotalEnergies is the operator of Block 58, with a 50% interest, alongside APA Corporation APA.",APA,0.325208,0.015028,Neutral
TotalEnergies  ( TTE )  Studies Prospects of Oil Project in Suriname,https://www.zacks.com/stock/news/2148865/totalenergies-tte-studies-prospects-of-oil-project-in-suriname,2023-09-14 12:34:00,"TotalEnergies (TTE) and APA Corporation initiate development studies in block 58 offshore Suriname, with the first production target by 2028.",APA,0.145583,-0.071064,Neutral
4 Stocks Worth Considering in the U.S. Upstream Industry,https://www.zacks.com/commentary/2148763/4-stocks-worth-considering-in-the-us-upstream-industry,2023-09-14 12:28:00,"Following a careful analysis of the Zacks Oil and Gas - Exploration and Production - United States industry, we advise focusing on companies like APA, NOG, GRNT and EPM.",APA,0.159393,0.101222,Neutral
"APA Corporation and TotalEnergies Announce Oil Project of 200,000 b/d in Block 58 and Launch Development Studies with the Objective of Sanctioning the Project by Year-end 2024",https://www.globenewswire.com/news-release/2023/09/13/2742853/0/en/APA-Corporation-and-TotalEnergies-Announce-Oil-Project-of-200-000-b-d-in-Block-58-and-Launch-Development-Studies-with-the-Objective-of-Sanctioning-the-Project-by-Year-end-2024.html,2023-09-13 19:27:00,"HOUSTON, Sept. 13, 2023 ( GLOBE NEWSWIRE ) -- APA Corporation ( Nasdaq: APA ) and TotalEnergies have announced the launching of development studies for a large oil project in Block 58, offshore Suriname. TotalEnergies is the operator of Block 58, with a 50% interest, alongside APA ( 50% ) .",APA,0.729947,0.251086,Somewhat-Bullish
TotalEnergies to invest $9 bln in Suriname oil project,https://www.reuters.com/business/energy/totalenergies-invest-9-bln-suriname-oil-project-2023-09-13/,2023-09-13 15:51:00,"A view shows a logo of TotalEnergies at an electric vehicle fuelling station in the La Defense business district in Courbevoie near Paris, France, February 8, 2023. REUTERS/Sarah Meyssonnier/File Photo Acquire Licensing Rights",APA,0.371523,0.005252,Neutral
APA Corporation Declares Cash Dividend on Common Shares - APA  ( NASDAQ:APA ) ,https://www.benzinga.com/pressreleases/23/09/g34508158/apa-corporation-declares-cash-dividend-on-common-shares,2023-09-12 22:15:45,"HOUSTON, Sept. 12, 2023 ( GLOBE NEWSWIRE ) -- The board of directors of APA Corporation APA has declared a regular cash dividend on the company's common shares. The dividend on common shares is payable Nov. 22, 2023, to stockholders of record on Oct. 23, 2023, at a rate of 25 cents per share ...",APA,0.727604,0.447744,Bullish
APA Corporation Declares Cash Dividend on Common Shares,https://www.globenewswire.com/news-release/2023/09/12/2742119/0/en/APA-Corporation-Declares-Cash-Dividend-on-Common-Shares.html,2023-09-12 22:15:00,"HOUSTON, Sept. 12, 2023 ( GLOBE NEWSWIRE ) -- The board of directors of APA Corporation ( Nasdaq: APA ) has declared a regular cash dividend on the company's common shares.",APA,0.895116,0.494972,Bullish
StockNews.com Initiates Coverage on APA  ( NASDAQ:APA ) ,https://www.defenseworld.net/2023/08/23/stocknews-com-initiates-coverage-on-apa-nasdaqapa.html,2023-08-23 05:24:51,"Analysts at StockNews.com began coverage on shares of APA ( NASDAQ:APA - Get Free Report ) in a research note issued on Wednesday. The firm set a ""hold"" rating on the stock. APA has been the subject of a number of other research reports.",APA,0.841723,0.488653,Bullish
"APA Q2 Earnings Beat on Strong Production, Lower Expenses",https://www.zacks.com/stock/news/2136475/apa-q2-earnings-beat-on-strong-production-lower-expenses,2023-08-15 14:10:00,APA Corporation (APA) bought back 1.3 million shares at $33.72 apiece during the second quarter. The company also shelled out $77 million in dividend payments.,APA,0.401331,0.082229,Neutral
"Rising Fuel Costs Lead To Win For Energy, Cathie Wood's Biotech Play Loses Big - ETF Winners And Losers: Medium-Cap Returns - ARK Genomic Revolution ETF  ( BATS:ARKG ) , SPDR S&P Oil & Gas Explor & Product  ( ARCA:XOP ) ",https://www.benzinga.com/news/23/08/33842374/rising-fuel-costs-lead-to-win-for-energy-cathie-woods-biotech-play-loses-big-etf-winners-and-losers,2023-08-14 20:14:37,"We performed a screening of medium-cap ETFs, defined as having Assets Under Management ( AUM ) between $2 billion and $10 billion - to determine what funds had the largest positive and negative returns on the week, according to data from etfdb.com. Only non-leveraged funds were considered.",APA,0.198221,0.181096,Somewhat-Bullish
"ONEOK  ( OKE )  Beats on Q2 Earnings, Raises '23 EPS View",https://www.zacks.com/stock/news/2133673/oneok-oke-beats-on-q2-earnings-raises-23-eps-view,2023-08-08 13:07:00,"ONEOK's (OKE) second-quarter 2023 earnings increase year over year, while revenues decline. Natural gas processed increases during the same period.",APA,0.157483,0.101876,Neutral
Apa  ( APA )  Q2 2023 Earnings Call Transcript,https://www.fool.com/earnings/call-transcripts/2023/08/03/apa-apa-q2-2023-earnings-call-transcript/,2023-08-03 22:00:26,"APA earnings call for the period ending June 30, 2023.",APA,0.044161,0.136764,Neutral
"Murphy  ( MUR )  Q2 Earnings & Sales Beat Estimates, '23 View Up",https://www.zacks.com/stock/news/2132184/murphy-mur-q2-earnings-sales-beat-estimates-23-view-up,2023-08-03 17:08:00,"Murphy Oil (MUR) records strong production volumes in the second quarter, courtesy of strong contributions from the Gulf of Mexico and Tupper Montney assets.",APA,0.127456,0.090608,Neutral
Occidental  ( OXY )  Q2 Earnings and Revenues Miss Estimates,https://www.zacks.com/stock/news/2132051/occidental-oxy-q2-earnings-and-revenues-miss-estimates,2023-08-03 15:16:00,"Occidental's (OXY) second-quarter earnings were impacted by the softness in commodity prices. Permian Basin production remains strong, maintaining OXY's production volumes for 2023.",APA,0.103554,0.083641,Neutral
APA Corporation Announces Second-Quarter 2023 Financial and Operational Results,https://www.globenewswire.com/news-release/2023/08/02/2717454/0/en/APA-Corporation-Announces-Second-Quarter-2023-Financial-and-Operational-Results.html,2023-08-02 20:43:00,"HOUSTON, Aug. 02, 2023 ( GLOBE NEWSWIRE ) -- APA Corporation ( Nasdaq: APA ) today announced second-quarter 2023 results. Results can be found on the company's website by visiting www.apacorp.com or investor.apacorp.com.",APA,0.911721,0.393495,Bullish
"CNX Resources  ( CNX )  Q2 Earnings Beat, Revenues Lag Estimates",https://www.zacks.com/stock/news/2128958/cnx-resources-cnx-q2-earnings-beat-revenues-lag-estimates,2023-07-27 15:43:00,CNX Resources' (CNX) stable free cash flow enables it to reduce debt and buy back shares.,APA,0.152983,0.040992,Neutral
APA Corporation Publishes 2023 Sustainability Report - APA  ( NASDAQ:APA ) ,https://www.benzinga.com/pressreleases/23/07/g33187548/apa-corporation-publishes-2023-sustainability-report,2023-07-11 15:25:33,"HOUSTON, July 11, 2023 ( GLOBE NEWSWIRE ) -- APA Corporation APA today published its 2023 Sustainability Report. Highlights from the report include the achievement of key Environmental, Social and Governance ( ESG ) goals in 2022 and progression of the company's ESG initiatives and long-term ...",APA,0.6809,0.563075,Bullish
APA Corporation Provides Second-Quarter 2023 Supplemental Information and Schedules Results Conference Call for August 3 at 10 a.m. Central Time,https://www.globenewswire.com/news-release/2023/07/10/2702226/0/en/APA-Corporation-Provides-Second-Quarter-2023-Supplemental-Information-and-Schedules-Results-Conference-Call-for-August-3-at-10-a-m-Central-Time.html,2023-07-10 21:51:00,"HOUSTON, July 10, 2023 ( GLOBE NEWSWIRE ) -- APA Corporation ( Nasdaq: APA ) today provided supplemental information regarding certain second-quarter 2023 financial and operational results. This information is intended only to provide additional information regarding current estimates management ...",APA,0.605937,0.242657,Somewhat-Bullish
"Zacks Industry Outlook Highlights Cheniere Energy, APA, Northern Oil and Gas and Evolution Petroleum",https://www.zacks.com/stock/news/2113382/zacks-industry-outlook-highlights-cheniere-energy-apa-northern-oil-and-gas-and-evolution-petroleum,2023-06-27 09:18:00,"Cheniere Energy, APA, Northern Oil and Gas and Evolution Petroleum have been highlighted in this Industry Outlook article.",APA,0.181526,0.202496,Somewhat-Bullish
4 U.S. Upstream Stocks With Potential Despite Industry Headwinds,https://www.zacks.com/commentary/2112987/4-us-upstream-stocks-with-potential-despite-industry-headwinds,2023-06-26 12:55:00,"While the Zacks Oil and Gas - US E&P industry has certainly taken some punishment due to the low-price environment, companies like LNG, APA, NOG and EPM should still appeal to investors willing to be patient.",APA,0.162437,0.191007,Somewhat-Bullish
Oil & Gas Stock Roundup: Patterson-UTI's Merger With NexTier Hits Headlines,https://www.zacks.com/stock/news/2111139/oil-gas-stock-roundup-patterson-utis-merger-with-nextier-hits-headlines,2023-06-21 12:12:00,"Patterson-UTI Energy (PTEN), NexTier Oilfield Solutions (NEX), Phillips 66 (PSX), Ovintiv (OVV) and APA Corporation (APA) were the energy headline makers during the week.",APA,0.108303,0.10928,Neutral
These 3 Ultra-High-Yield Dividend Stocks Are Severely Underrated,https://www.fool.com/investing/2023/06/20/these-3-ultra-high-yield-dividend-stocks-are-sever/,2023-06-20 14:24:35,Ownership overhangs have weighed down these midstream companies.,APA,0.103554,0.062629,Neutral
"APA Corporation Announces Appointment of Scott Grandt as Senior Vice President, Corporate Development",https://www.globenewswire.com/news-release/2023/06/14/2688545/0/en/APA-Corporation-Announces-Appointment-of-Scott-Grandt-as-Senior-Vice-President-Corporate-Development.html,2023-06-14 23:38:00,"HOUSTON, June 14, 2023 ( GLOBE NEWSWIRE ) -- APA Corporation ( Nasdaq:APA ) today announced Scott Grandt has been named senior vice president, Corporate Development. effective June 12.",APA,0.511256,0.280645,Somewhat-Bullish
Apache Corporation Tree Grant Program Opens Applications for 2023-2024 Planting Season - APA  ( NASDAQ:APA ) ,https://www.benzinga.com/pressreleases/23/06/g32839392/apache-corporation-tree-grant-program-opens-applications-for-2023-2024-planting-season,2023-06-13 15:29:40,"HOUSTON, June 13, 2023 ( GLOBE NEWSWIRE ) -- Apache Corporation, a subsidiary of APA Corporation APA, today announced the opening of the Apache Corporation Tree Grant Program application for the 2023-2024 planting season.",APA,0.344473,0.286232,Somewhat-Bullish
Apache Corporation Tree Grant Program Opens Applications for 2023-2024 Planting Season,https://www.globenewswire.com/news-release/2023/06/13/2687405/0/en/Apache-Corporation-Tree-Grant-Program-Opens-Applications-for-2023-2024-Planting-Season.html,2023-06-13 15:29:00,"HOUSTON, June 13, 2023 ( GLOBE NEWSWIRE ) -- Apache Corporation, a subsidiary of APA Corporation ( Nasdaq: APA ) , today announced the opening of the Apache Corporation Tree Grant Program application for the 2023-2024 planting season.",APA,0.354319,0.298958,Somewhat-Bullish
APA Corporation Declares Cash Dividend on Common Shares - APA  ( NASDAQ:APA ) ,https://www.benzinga.com/pressreleases/23/05/g32541622/apa-corporation-declares-cash-dividend-on-common-shares,2023-05-23 21:07:10,"HOUSTON, May 23, 2023 ( GLOBE NEWSWIRE ) -- The board of directors of APA Corporation APA has declared a regular cash dividend on the company's common shares. The dividend on common shares is payable Aug. 22, 2023, to stockholders of record on July 21, 2023, at a rate of 25 cents per share on ...",APA,0.727604,0.447744,Bullish
APA Corporation Declares Cash Dividend on Common Shares,https://www.globenewswire.com/news-release/2023/05/23/2674822/0/en/APA-Corporation-Declares-Cash-Dividend-on-Common-Shares.html,2023-05-23 21:07:00,"HOUSTON, May 23, 2023 ( GLOBE NEWSWIRE ) -- The board of directors of APA Corporation ( Nasdaq: APA ) has declared a regular cash dividend on the company's common shares.",APA,0.895116,0.494972,Bullish
APA Stock Stumbles Since Witnessing a Beat on Q1 Earnings,https://www.zacks.com/stock/news/2096750/apa-stock-stumbles-since-witnessing-a-beat-on-q1-earnings,2023-05-18 11:51:00,APA Corporation (APA) bought back 3.7 million shares at $38.93 apiece during the first quarter. The company also shelled out $78 million in dividend payment.,APA,0.535653,0.109016,Neutral
APA Corporation Announces First-Quarter 2023 Financial and Operational Results - APA  ( NASDAQ:APA ) ,https://www.benzinga.com/pressreleases/23/05/g32197798/apa-corporation-announces-first-quarter-2023-financial-and-operational-results,2023-05-03 20:15:29,"HOUSTON, May 03, 2023 ( GLOBE NEWSWIRE ) -- APA Corporation APA today announced first-quarter 2023 results. Results can be found on the company's website by visiting www.apacorp.com or investor.apacorp.com. APA will host a conference call May 4 at 10 a.m.",APA,0.88183,0.382576,Bullish
APA Corporation Announces First-Quarter 2023 Financial and Operational Results,https://www.globenewswire.com/news-release/2023/05/03/2660874/0/en/APA-Corporation-Announces-First-Quarter-2023-Financial-and-Operational-Results.html,2023-05-03 20:15:00,"HOUSTON, May 03, 2023 ( GLOBE NEWSWIRE ) -- APA Corporation ( Nasdaq: APA ) today announced first-quarter 2023 results. Results can be found on the company's website by visiting www.apacorp.com or investor.apacorp.com.",APA,0.911721,0.393495,Bullish
APA Q1 Earnings Preview: This is What Investors Can Expect,https://www.zacks.com/stock/news/2088274/apa-q1-earnings-preview-this-is-what-investors-can-expect,2023-05-02 13:49:00,"While weak commodity prices are likely to have hurt APA's first-quarter results, higher gas output and a drop in operating costs might have acted as a cushion.",APA,0.567144,0.164255,Somewhat-Bullish
"CNX Resources  ( CNX )  Q1 Earnings Beat, Sales Miss Estimates",https://www.zacks.com/stock/news/2086679/cnx-resources-cnx-q1-earnings-beat-sales-miss-estimates,2023-04-28 10:00:00,CNX Resources' (CNX) first-quarter earnings are better than expected and the company continues to utilize its free cash flow to buyback shares and reduce debt.,APA,0.154951,0.070175,Neutral
APA Corporation Provides First-Quarter 2023 Supplemental Information and Schedules Results Conference Call for May 4 at 10 a.m. Central Time,https://www.globenewswire.com/news-release/2023/04/06/2642522/0/en/APA-Corporation-Provides-First-Quarter-2023-Supplemental-Information-and-Schedules-Results-Conference-Call-for-May-4-at-10-a-m-Central-Time.html,2023-04-06 12:00:00,"HOUSTON, April 06, 2023 ( GLOBE NEWSWIRE ) -- APA Corporation ( Nasdaq: APA ) today provided supplemental information regarding certain first-quarter 2023 financial and operational results. This information is intended only to provide additional information regarding current estimates management ...",APA,0.651499,0.265036,Somewhat-Bullish
APA  ( APA )  Down 13.1% Since Last Earnings Report: Can It Rebound?,https://www.zacks.com/stock/news/2070222/apa-apa-down-131-since-last-earnings-report-can-it-rebound,2023-03-24 15:30:50,APA (APA) reported earnings 30 days ago. What's next for the stock? We take a look at earnings estimates for some clues.,APA,0.559416,0.17798,Somewhat-Bullish
Are Options Traders Betting on a Big Move in APA Corporation  ( APA )  Stock?,https://www.zacks.com/stock/news/2068393/are-options-traders-betting-on-a-big-move-in-apa-corporation-apa-stock,2023-03-21 12:32:00,Investors need to pay close attention to APA Corporation (APA) stock based on the movements in the options market lately.,APA,0.542261,0.087391,Neutral
"Stocks making the biggest moves midday: Credit Suisse, First Republic Bank, Halliburton and more",https://www.cnbc.com/2023/03/15/stocks-moving-big-midday-cs-frc-hal.html,2023-03-15 16:43:52,These are the stocks posting the largest moves in midday trading.,APA,0.08183,-0.02729,Neutral
APA Shares Pop Since Witnessing a Beat on Q4 Earnings,https://www.zacks.com/stock/news/2062803/apa-shares-pop-since-witnessing-a-beat-on-q4-earnings,2023-03-08 12:23:00,APA Corporation (APA) bought back 12.1 million shares at $44.40 apiece during the fourth quarter. The company also spent $80 million in the form of dividend payment.,APA,0.541654,0.25962,Somewhat-Bullish
APA: 1 Under-the-Radar Momentum Stock to Consider Now,https://stocknews.com/news/apa-mpc-vlo-untc-1-under-the-radar-momentum-stock-to-consider-now/,2023-03-06 19:24:17,"Although APA Corporation's ( APA ) average-10-day volume of $5.32 million is below its average 3-month volume of $5.69 million, strong fundamentals and macroeconomic tailwinds could soon turn the tide in its favor.",APA,0.603832,0.346336,Somewhat-Bullish
APA Corporation Announces 2023 ESG Goals,https://www.globenewswire.com/news-release/2023/03/01/2618810/0/en/APA-Corporation-Announces-2023-ESG-Goals.html,2023-03-01 22:05:00,"HOUSTON, March 01, 2023 ( GLOBE NEWSWIRE ) -- APA Corporation ( Nasdaq: APA ) today announced the company's 2023 short- and long-term environmental, social and governance ( ESG ) goals, which include performance metrics tied directly to employee incentive compensation.",APA,0.520773,0.41759,Bullish
APA Corporation Joins United Nations Environment Programme's Oil and Gas Methane Partnership 2.0,https://www.globenewswire.com/news-release/2023/03/01/2618789/0/en/APA-Corporation-Joins-United-Nations-Environment-Programme-s-Oil-and-Gas-Methane-Partnership-2-0.html,2023-03-01 21:51:00,"HOUSTON, March 01, 2023 ( GLOBE NEWSWIRE ) -- APA Corporation ( Nasdaq: APA ) announced today that the company has joined the Oil and Gas Methane Partnership 2.0 ( OGMP 2.0 ) , the United Nations' Environment Programme's flagship oil and gas reporting and mitigation program.",APA,0.532941,0.452777,Bullish
APA Corporation Announces Fourth-Quarter and Full-Year 2022 Financial and Operational Results,https://www.globenewswire.com/news-release/2023/02/22/2613785/0/en/APA-Corporation-Announces-Fourth-Quarter-and-Full-Year-2022-Financial-and-Operational-Results.html,2023-02-22 21:56:00,"HOUSTON, Feb. 22, 2023 ( GLOBE NEWSWIRE ) -- APA Corporation ( Nasdaq: APA ) today announced fourth-quarter and full-year 2022 results. Results can be found on the company's website by visiting www.apacorp.com or investor.apacorp.com.",APA,0.908087,0.38595,Bullish
"Energy Stocks Q4 Earnings Roster for Feb 22: PXD, APA & SM",https://www.zacks.com/stock/news/2056750/energy-stocks-q4-earnings-roster-for-feb-22-pxd-apa-sm,2023-02-21 13:44:00,"Higher oil and gas prices are likely to have aided Q4 earnings for Pioneer Natural (PXD), APA Corporation (APA) and SM Energy (SM).",APA,0.288214,-0.012704,Neutral
APA Q4 Earnings Preview: This is What Investors Can Expect,https://www.zacks.com/stock/news/2056271/apa-q4-earnings-preview-this-is-what-investors-can-expect,2023-02-20 13:48:00,"While strong commodity prices and oil production are likely to boost APA's fourth-quarter results, escalation in costs might have played spoilsport.",APA,0.56578,0.266824,Somewhat-Bullish
APA Corporation Named One of World's Most Admired Companies by FORTUNE Magazine,https://www.globenewswire.com/news-release/2023/02/14/2608187/0/en/APA-Corporation-Named-One-of-World-s-Most-Admired-Companies-by-FORTUNE-Magazine.html,2023-02-14 21:43:00,"HOUSTON, Feb. 14, 2023 ( GLOBE NEWSWIRE ) -- APA Corporation ( Nasdaq: APA ) has been named by FORTUNE magazine as one of the World's Most Admired Companies for a fifth time. APA ranked fifth this year among international energy exploration companies.",APA,0.751437,0.755439,Bullish
APA's Sapakara South-2 Well Encounters 118ft of Net Oil Pay,https://www.zacks.com/stock/news/2054057/apas-sapakara-south-2-well-encounters-118ft-of-net-oil-pay,2023-02-14 14:45:00,APA Corporation (APA) announces the successful drilling and flow testing of an appraisal well in Suriname with potential oil reserves of more than 200 million barrels.,APA,0.56415,0.491956,Bullish
APA Corporation Announces Second Successful Flow Test at Sapakara South,https://www.globenewswire.com/news-release/2023/02/08/2604499/0/en/APA-Corporation-Announces-Second-Successful-Flow-Test-at-Sapakara-South.html,2023-02-08 21:45:00,"HOUSTON, Feb. 08, 2023 ( GLOBE NEWSWIRE ) -- APA Corporation ( Nasdaq: APA ) today announced the successful drilling and flow testing of the Sapakara South-2 ( SPS-2 ) appraisal well, the second appraisal well to test the previously announced discovery.",APA,0.696319,0.52647,Bullish
APA Corporation Announces Second Successful Flow Test at Sapakara South - APA  ( NASDAQ:APA ) ,https://www.benzinga.com/pressreleases/23/02/g30823988/apa-corporation-announces-second-successful-flow-test-at-sapakara-south,2023-02-08 21:44:57,"HOUSTON, Feb. 08, 2023 ( GLOBE NEWSWIRE ) -- APA Corporation APA today announced the successful drilling and flow testing of the Sapakara South-2 ( SPS-2 ) appraisal well, the second appraisal well to test the previously announced discovery.",APA,0.661658,0.496739,Bullish
APA Corporation Declares Cash Dividend on Common Shares - APA  ( NASDAQ:APA ) ,https://www.benzinga.com/pressreleases/23/02/g30714002/apa-corporation-declares-cash-dividend-on-common-shares,2023-02-03 21:15:48,"HOUSTON, Feb. 03, 2023 ( GLOBE NEWSWIRE ) -- The board of directors of APA Corporation APA has declared a regular cash dividend on the company's common shares. The dividend on common shares is payable May 22, 2023, to stockholders of record on April 21, 2023, at a rate of 25 cents per share ...",APA,0.727604,0.447744,Bullish
APA Corporation Declares Cash Dividend on Common Shares,https://www.globenewswire.com/news-release/2023/02/03/2601634/0/en/APA-Corporation-Declares-Cash-Dividend-on-Common-Shares.html,2023-02-03 21:15:00,"HOUSTON, Feb. 03, 2023 ( GLOBE NEWSWIRE ) -- The board of directors of APA Corporation ( Nasdaq: APA ) has declared a regular cash dividend on the company's common shares.",APA,0.895116,0.494972,Bullish
APA: 3 Hot Momentum Stocks to Add to Your Portfolio Now,https://stocknews.com/news/apa-noa-osg-3-hot-momentum-stocks-to-add-to-your-portfolio-now/,2023-01-26 14:15:56,"While many big companies, such as Microsoft Corporation ( MSFT ) , have surpassed earnings estimates for the recently-concluded quarter, they have not been shy about the headwinds they are facing due to the troubled macroeconomic environment.",APA,0.301147,0.216351,Somewhat-Bullish
VLO: 3 Potentially Explosive Energy Stocks to Buy in 2023,https://stocknews.com/news/vlo-apa-bry-3-potentially-explosive-energy-stocks-to-buy-in-2023/,2023-01-25 15:15:49,VLO: 3 Potentially Explosive Energy Stocks to Buy in ...,APA,0.195287,0.198191,Somewhat-Bullish
APA: 2 Potentially Explosive Energy Stocks to Buy Before the End of January,https://stocknews.com/news/apa-cvi-2-potentially-explosive-energy-stocks-to-buy-before-the-end/,2023-01-23 14:50:46,APA: 2 Potentially Explosive Energy Stocks to Buy Before the End of ... ...,APA,0.379291,0.507085,Bullish
APA Corporation Provides Fourth-Quarter 2022 Supplemental Information and Schedules Results Conference Call for Feb. 23 at 10 a.m. Central Time,https://www.globenewswire.com/news-release/2023/01/18/2590888/0/en/APA-Corporation-Provides-Fourth-Quarter-2022-Supplemental-Information-and-Schedules-Results-Conference-Call-for-Feb-23-at-10-a-m-Central-Time.html,2023-01-18 13:00:00,"HOUSTON, Jan. 18, 2023 ( GLOBE NEWSWIRE ) -- APA Corporation ( Nasdaq: APA ) today provided supplemental information regarding certain fourth-quarter 2022 financial and operational results. This information is intended only to provide additional information regarding current estimates management ...",APA,0.674691,0.262471,Somewhat-Bullish
Should Investors Focus on These 4 U.S. Upstream Stocks?,https://www.zacks.com/commentary/2038373/should-investors-focus-on-these-4-us-upstream-stocks,2023-01-12 14:39:00,"The Zacks Oil and Gas - US E&P operators like APA, AR, CRK and NOG have the capacity to tackle inflationary and other pressures.",APA,0.152983,0.20693,Somewhat-Bullish
APA: 2 Momentum Stocks to Buy Before the Market Rebounds,https://stocknews.com/news/apa-pbf-2-momentum-stocks-to-buy-before-the-market-rebounds/,2023-01-09 15:29:51,"Oil prices have fallen in recent months as concerns about the prospects of a global recession and COVID-19 flare-ups in China threaten demand growth. According to a survey by Reuters, 30 economists forecast that Brent crude would average $89.37 a barrel in 2023, about 4.6% lower than the $93.65 ...",APA,0.437375,0.334532,Somewhat-Bullish
